name,blood_group,phone,district,division,address,is_available,total_donations,status
Md. Rahim Uddin,A+,01711000000,Dhaka,Dhaka,"Mirpur, Dhaka",0,0,approved
Rina Hossain,A-,01711000137,Coxs Bazar,Chittagong,"Uttara, Coxs Bazar",1,1,approved
Md. Hasan Hossain,B+,01711000274,Pabna,Rajshahi,"Dhanmondi, Pabna",1,2,approved
Ayesha Khan,B-,01711000411,Kushtia,Khulna,"Gulshan, Kushtia",1,3,approved
Md. Kamal Khan,AB+,01711000548,Sylhet Sadar,Sylhet,"Banani, Sylhet Sadar",1,4,approved
Tania Rahman,AB-,01711000685,Barisal,Barisal,"Mohakhali, Barisal",1,5,approved
Md. Rakib Rahman,O+,01711000822,Dinajpur,Rangpur,"Shahbag, Dinajpur",0,6,approved
Mitu Begum,O-,01711000959,Netrokona,Mymensingh,"Agrabad, Netrokona",1,7,approved
Md. Tanvir Begum,A+,01711001096,Tangail,Dhaka,"Motijheel, Tangail",1,8,approved
Sadia Uddin,A-,01711001233,Rangamati,Chittagong,"Badda, Rangamati",1,9,approved
Md. Arif Uddin,B+,01711001370,Rajshahi,Rajshahi,"Mirpur, Rajshahi",1,0,approved
Lamia Hossain,B-,01711001507,Jessore,Khulna,"Uttara, Jessore",1,1,approved
Md. Masud Hossain,AB+,01711001644,Habiganj,Sylhet,"Dhanmondi, Habiganj",0,2,approved
Sumi Khan,AB-,01711001781,Pirojpur,Barisal,"Gulshan, Pirojpur",1,3,approved
Md. Shakil Khan,O+,01711001918,Nilphamari,Rangpur,"Banani, Nilphamari",1,4,approved
Salma Rahman,O-,01711002055,Mymensingh,Mymensingh,"Mohakhali, Mymensingh",1,5,approved
Md. Karim Rahman,A+,01711002192,Gazipur,Dhaka,"Shahbag, Gazipur",1,6,approved
Fatema Begum,A-,01711002329,Comilla,Chittagong,"Agrabad, Comilla",1,7,approved
Md. Jamal Begum,B+,01711002466,Natore,Rajshahi,"Motijheel, Natore",0,8,approved
Nusrat Uddin,B-,01711002603,Bagerhat,Khulna,"Badda, Bagerhat",1,9,approved
Md. Sohel Uddin,AB+,01711002740,Sylhet,Sylhet,"Mirpur, Sylhet",1,0,approved
Sharmin Hossain,AB-,01711002877,Bhola,Barisal,"Uttara, Bhola",1,1,approved
Md. Nayeem Hossain,O+,01711003014,Kurigram,Rangpur,"Dhanmondi, Kurigram",1,2,approved
Rima Khan,O-,01711003151,Sherpur,Mymensingh,"Gulshan, Sherpur",1,3,approved
Md. Sabbir Khan,A+,01711003288,Manikganj,Dhaka,"Banani, Manikganj",0,4,approved
Jannat Rahman,A-,01711003425,Chittagong,Chittagong,"Mohakhali, Chittagong",1,5,approved
Md. Faruk Rahman,B+,01711003562,Bogura,Rajshahi,"Shahbag, Bogura",1,6,approved
Farhana Begum,B-,01711003699,Satkhira,Khulna,"Agrabad, Satkhira",1,7,approved
Md. Rasel Begum,AB+,01711003836,Sunamganj,Sylhet,"Motijheel, Sunamganj",1,8,approved
Nadia Uddin,AB-,01711003973,Jhalokati,Barisal,"Badda, Jhalokati",1,9,approved
Md. Rahim Uddin,O+,01711004110,Rangpur,Rangpur,"Mirpur, Rangpur",0,0,approved
Rina Hossain,O-,01711004247,Jamalpur,Mymensingh,"Uttara, Jamalpur",1,1,approved
Md. Hasan Hossain,A+,01711004384,Narayanganj,Dhaka,"Dhanmondi, Narayanganj",1,2,approved
Ayesha Khan,A-,01711004521,Feni,Chittagong,"Gulshan, Feni",1,3,approved
Md. Kamal Khan,B+,01711004658,Naogaon,Rajshahi,"Banani, Naogaon",1,4,approved
Tania Rahman,B-,01711004795,Khulna,Khulna,"Mohakhali, Khulna",1,5,approved
Md. Rakib Rahman,AB+,01711004932,Moulvibazar,Sylhet,"Shahbag, Moulvibazar",0,6,approved
Mitu Begum,AB-,01711005069,Patuakhali,Barisal,"Agrabad, Patuakhali",1,7,approved
Md. Tanvir Begum,O+,01711005206,Gaibandha,Rangpur,"Motijheel, Gaibandha",1,8,approved
Sadia Uddin,O-,01711005343,Trishal,Mymensingh,"Badda, Trishal",1,9,approved
Md. Arif Uddin,A+,01711005480,Dhaka,Dhaka,"Mirpur, Dhaka",1,0,approved
Lamia Hossain,A-,01711005617,Coxs Bazar,Chittagong,"Uttara, Coxs Bazar",1,1,approved
Md. Masud Hossain,B+,01711005754,Pabna,Rajshahi,"Dhanmondi, Pabna",0,2,approved
Sumi Khan,B-,01711005891,Kushtia,Khulna,"Gulshan, Kushtia",1,3,approved
Md. Shakil Khan,AB+,01711006028,Sylhet Sadar,Sylhet,"Banani, Sylhet Sadar",1,4,approved
Salma Rahman,AB-,01711006165,Barisal,Barisal,"Mohakhali, Barisal",1,5,approved
Md. Karim Rahman,O+,01711006302,Dinajpur,Rangpur,"Shahbag, Dinajpur",1,6,approved
Fatema Begum,O-,01711006439,Netrokona,Mymensingh,"Agrabad, Netrokona",1,7,approved
Md. Jamal Begum,A+,01711006576,Tangail,Dhaka,"Motijheel, Tangail",0,8,approved
Nusrat Uddin,A-,01711006713,Rangamati,Chittagong,"Badda, Rangamati",1,9,approved